{"cameraMode":{"drawMode":0,"name":"Shaded","section":"Shading Mode"},"sceneLighting":true,"audioPlay":false,"sceneViewState":{"showFog":true,"showMaterialUpdate":false,"showSkybox":true,"showFlares":true,"showImageEffects":true,"showParticleSystems":true},"in2DMode":false,"pivot":{"x":2.7027573585510256,"y":0.5938260555267334,"z":7.1565117835998539},"rotation":{"x":0.2962762117385864,"y":-0.6844950914382935,"z":0.36317485570907595,"w":0.5583984851837158},"size":11.783687591552735,"orthographic":false}