{"cameraMode":{"drawMode":0,"name":"Shaded","section":"Shading Mode"},"sceneLighting":false,"audioPlay":false,"sceneViewState":{"showFog":true,"showMaterialUpdate":false,"showSkybox":false,"showFlares":true,"showImageEffects":true,"showParticleSystems":true},"in2DMode":false,"pivot":{"x":-11.053999900817871,"y":0.6999999284744263,"z":-2.305999994277954},"rotation":{"x":0.2237011194229126,"y":-0.09922069311141968,"z":0.022896939888596536,"w":0.9693288207054138},"size":2.999999523162842,"orthographic":false}